log,fullmove,ply,side,fen,hits,worst_diff,candidates,candidate_moves,reference_moves,oracle_moves,candidate_losses,reference_losses
ArasanX_vs_EnyoBot_Q0a5I19l.log,48,95,Black,8/5Qpk/8/pp1p4/7K/3q1N2/6P1/8 b - - 1 48,2,-881,qmid3;scratch26,d3c4;d3e4,d3g6;d3g6,d3g6;d3g6,881;881,0;0
caissa-x_vs_EnyoBot_0waEuGxc.log,66,131,Black,q5k1/2Q3p1/5pPp/3PpBnP/4P3/4P1K1/1n6/8 b - - 18 66,3,-841,qmid3;broadtail;scratch26,b2a4;b2c4;a8f8,b2d1;b2d1;b2d1,b2d1;b2d1;b2d1,672;691;841,0;0;0
ArasanX_vs_EnyoBot_5Pms0ZXh.log,16,31,Black,r1bq1b1r/1pp3pp/p2p2k1/1P1Q4/8/R7/1PP2PPP/2B1R1K1 b - - 2 16,2,-780,qmid3;scratch26,c8d7;c8g4,h7h6;h7h6,h7h6;h7h6,780;603,0;0
Hypersion_vs_EnyoBot_npmgxvIO.log,61,121,Black,7R/1p6/8/Q7/8/2k5/5K2/1q1r4 b - - 1 61,2,-704,qmid3;broadtail,c3c4;b1b4,c3b2;c3b2,c3b2;c3b2,704;224,0;0
odonata-bot_vs_EnyoBot_u9u9wyRV_oot.log,27,53,Black,4r1k1/5pp1/2bb3p/3p4/p2P4/2P1N2P/1q1B1PP1/1R1Q2K1 b - - 1 27,2,-613,broadtail;scratch26,b2c2;b2a3,b2a2;b2a2,b2a2;b2a2,613;174,0;0
EnyoBot_vs_Lynx_BOT_jjThVRPN.log,18,34,White,r1b2r2/b1p2p2/p1pp1nk1/4PqB1/3P3P/3Q4/PP3PP1/RN2R1K1 w - - 1 18,2,-589,broadtail;scratch26,e1e2;d3d2,d3f5;d3f5,d3f5;d3f5,589;214,0;0
ArasanX_vs_EnyoBot_7pzXRQFZ.log,32,63,Black,r4k2/1p3r2/p6Q/8/2R5/2nP4/3N1P1P/q2BK3 b - - 2 32,3,-563,qmid3;broadtail;scratch26,f7g7;f8e8;f7g7,f8e7;f8e7;f8e7,f8e7;f8e7;f8e7,563;289;563,0;0;0
SF_Bot1nok_vs_EnyoBot_SbzD89kx.log,20,39,Black,r4rk1/1nqbbpp1/3p3P/p2Pp3/7P/1N2BP2/1PPQ4/R3KB1R b K - 0 20,2,-563,broadtail;scratch26,c7c2;f8b8,a5a4;a5a4,a5a4;a5a4,563;170,0;0
Hypersion_vs_EnyoBot_npmgxvIO.log,14,27,Black,r1b1k2r/ppq2pnp/2n1p3/3pP2p/5PP1/2P1B3/PP1N4/R2QKB1R b KQkq - 0 14,2,-496,broadtail;scratch26,c7e5;c6e5,h5g4;h5g4,c8d7;c8d7,558;270,62;62
SF_Bot1nok_vs_EnyoBot_SbzD89kx.log,16,31,Black,r3k2r/1nq1bpp1/p2pbn1p/4p3/4P1PP/1NN1BP2/1PPQ4/R3KB1R b Kkq - 4 16,2,-470,broadtail;scratch26,c7c3;e6g4,e8g8;e8g8,e8g8;e8g8,470;345,0;0
odonata-bot_vs_EnyoBot_u9u9wyRV_oot.log,28,55,Black,4r1k1/5pp1/1Rbb3p/3p4/p2P4/2P1N2P/q2B1PP1/3Q2K1 b - - 3 28,2,-460,broadtail;scratch26,a4a3;d6g3,e8b8;e8b8,e8b8;e8b8,346;460,0;0
EnyoBot_vs_Bot1nokk_5j5IYTv6.log,14,26,White,r2q1rk1/1ppb1ppp/p1nb1n2/4p3/PPB4N/2PP4/2QN1PPP/R1B2RK1 w - - 1 14,2,-459,broadtail;scratch26,d2e4;h4g6,h4f3;h4f3,f1e1;f1e1,432;459,0;0
EnyoBot_vs_Bot1nokk_5j5IYTv6.log,13,24,White,r2q1rk1/1ppbbppp/p1n2n2/4p3/1PB4N/2PP4/P1QN1PPP/R1B2RK1 w - - 2 13,2,-442,broadtail;scratch26,d3d4;h4g6,a2a4;a2a4,a2a4;a2a4,201;442,0;0
stage270_vs_EnyoBot_kp3inZBb.log,19,37,Black,1r1r2k1/2p2ppp/8/p2B4/1b4b1/1P2BP2/P5PP/R2R2K1 b - - 0 19,2,-436,broadtail;scratch26,g4f3;d8e8,g4f5;g4f5,g4f5;g4f5,436;203,0;0
EnyoBot_vs_DarkOnBot_pm9SUqFN.log,37,72,White,6k1/2p3q1/1p1p2p1/pP1P1p1p/1nP1r3/4P1PB/5P1P/1Q4RK w - - 0 37,2,-427,qmid3;broadtail,h3f5;b1e4,b1b3;b1b3,b1b3;b1b3,252;427,0;0
ArasanX_vs_EnyoBot_7pzXRQFZ.log,22,43,Black,r3k2r/1pR2p1p/p4qn1/1n2P1RQ/8/3P4/3N1P1P/4KB2 b kq - 0 22,2,-415,broadtail;scratch26,b5c7;f6g5,f6b6;f6b6,f6b6;f6b6,415;332,0;0
caissa-x_vs_EnyoBot_0waEuGxc.log,62,123,Black,4q1k1/6p1/5pPp/3PpBnP/nQ2P3/4P3/8/4K3 b - - 10 62,2,-398,broadtail;scratch26,g8h8;a4b2,e8a8;e8a8,e8a8;e8a8,317;398,0;0
ArasanX_vs_EnyoBot_Q0a5I19l.log,25,49,Black,4r1k1/1pqn1pp1/4b2p/p2pP3/P2N4/4Q2P/1P1N1PP1/4R1K1 b - - 0 25,2,-390,broadtail;scratch26,d7e5;e6h3,f7f6;f7f6,f7f6;f7f6,390;303,0;0
styx_reckless_vs_EnyoBot_z3PAJH4r.log,15,29,Black,r1b1rnk1/pp2qpb1/2p3pp/3pP3/3P1P2/2NB4/PP1N2PP/R2Q1RK1 b - - 0 15,2,-387,broadtail;scratch26,c8f5;c8h3,f8e6;f8e6,f8e6;f8e6,193;387,0;0
styx_reckless_vs_EnyoBot_z3PAJH4r.log,43,85,Black,5bk1/1p1r4/p3Np1p/1q1p1PpQ/8/7P/PP4P1/4R2K b - - 18 43,3,-385,qmid3;broadtail;scratch26,b5b4;d7g7;b5b4,d7e7;d7e7;d7e7,d7e7;d7e7;d7e7,346;385;346,0;0;0
odonata-bot_vs_EnyoBot_u9u9wyRV_oot.log,14,27,Black,r2q1rk1/1b3ppp/p1pb4/1p1B4/8/2P2Q2/PP1PRPPP/RNB3K1 b - - 1 14,2,-371,broadtail;scratch26,d8h4;d6h2,c6d5;c6d5,c6d5;c6d5,292;371,0;0
ArasanX_vs_EnyoBot_Q0a5I19l.log,88,175,Black,8/8/8/5K2/k3N1P1/8/8/8 b - - 2 88,2,-362,qmid3;scratch26,a4b5;a4b5,a4b3;a4b3,a4b3;a4b3,362;362,0;0
ArasanX_vs_EnyoBot_Q0a5I19l.log,19,37,Black,2rqr1k1/1p1n1pp1/1bppb2p/p7/P2PP3/R3B2P/1PQNNPP1/4R1K1 b - - 7 19,2,-349,broadtail;scratch26,d7e5;c6c5,d6d5;d6d5,d6d5;d6d5,349;336,0;0
ArasanX_vs_EnyoBot_7pzXRQFZ.log,20,39,Black,r3k2r/1pp2p1p/p4q2/4n1RQ/4P3/n2P4/3N1P1P/2R1KB2 b kq - 3 20,3,-348,qmid3;broadtail;scratch26,e5d3;e8c8;e5d3,e5g6;e5g6;e5g6,e5g6;e5g6;e5g6,314;348;314,0;0;0
EnyoBot_vs_Lynx_BOT_jjThVRPN.log,30,58,White,1r6/2p1Rp1k/p2pbP2/2p3B1/3b2PP/3N1P2/P5K1/8 w - - 4 30,2,-341,broadtail;scratch26,d3c5;d3c1,g2g3;g2g3,h4h5;h4h5,380;200,39;39
ArasanX_vs_EnyoBot_Q0a5I19l.log,23,45,Black,3qr1k1/1p1n1pp1/1b2b2p/p2pP3/P2B4/2Q4P/1P1NNPP1/4R1K1 b - - 0 23,3,-334,qmid3;broadtail;scratch26,d8g5;d7e5;d7e5,d8c7;d8c7;d8c7,d7b8;d7b8;d7b8,174;334;334,0;0;0
EnyoBot_vs_DarkOnBot_pm9SUqFN.log,27,52,White,5r1k/1bp1rp2/1p1p1qpp/p2P1B2/PnP5/1N2P3/5PPP/1QRR2K1 w - - 0 27,2,-334,broadtail;scratch26,b3a5;b3a5,f5h3;f5h3,f5h3;f5h3,334;334,0;0
Hypersion_vs_EnyoBot_npmgxvIO.log,45,89,Black,8/1pk3r1/1q2p3/3pP3/8/2PB4/4K2R/Q7 b - - 0 45,2,-316,broadtail;scratch26,g7f7;b6c5,g7g3;g7g3,g7g3;g7g3,316;174,0;0
caissa-x_vs_EnyoBot_0waEuGxc.log,43,85,Black,1r2k3/4q1p1/1n1p1pPp/pPpPpBnP/P3P3/2Q1P3/1K1N4/R7 b - - 7 43,2,-304,broadtail;scratch26,b6a4;b6a4,e7a7;e7a7,e7a7;e7a7,304;304,0;0
SF_Bot1nok_vs_EnyoBot_SbzD89kx.log,51,101,Black,8/8/6k1/5r2/2P5/3NK3/8/Q7 b - - 6 51,3,-294,qmid3;broadtail;scratch26,f5g5;f5f8;f5g5,g6f7;g6f7;g6f7,g6h7;g6h7;g6h7,299;225;299,5;5;5
EnyoBot_vs_DarkOnBot_pm9SUqFN.log,32,62,White,2b1r2k/2p1r1q1/1p1p2p1/p2P1p1p/PnPR4/1N2P1PB/5P1P/1Q4RK w - - 0 32,2,-289,broadtail;scratch26,b3a5;b3a5,d4d2;d4d2,b3c1;b3c1,300;300,11;11
ArasanX_vs_EnyoBot_Q0a5I19l.log,40,79,Black,6k1/5bp1/1pR3n1/p2p1N1Q/q2Nr2P/8/6PK/8 b - - 0 40,3,-287,qmid3;broadtail;scratch26,e4h4;e4h4;g6h4,a4b4;a4b4;a4b4,a4b4;a4b4;a4b4,287;287;253,0;0;0
CloudNetBot_vs_EnyoBot_KTS7zzI9.log,87,173,Black,8/8/1n6/6R1/N2k4/2p5/1p6/1K6 b - - 5 87,2,-287,broadtail;scratch26,b6a4;b6a4,b6d5;b6d5,b6d5;b6d5,287;287,0;0
CloudNetBot_vs_EnyoBot_KTS7zzI9.log,8,15,Black,r1bqk2r/ppp2ppp/2n2P2/2bp4/8/2Pp1N2/PP2BPPP/RNBQK2R b KQkq - 0 8,2,-280,broadtail;scratch26,d8f6;d8f6,d3e2;d3e2,d3e2;d3e2,280;280,0;0
caissa-x_vs_EnyoBot_0waEuGxc.log,69,137,Black,1q4k1/6p1/5pPp/3PpBnP/4P3/Q5K1/8/8 b - - 2 69,2,-280,qmid3;scratch26,b8d8;b8f8,g8h8;g8h8,g8h8;g8h8,280;260,0;0
styx_reckless_vs_EnyoBot_z3PAJH4r.log,86,171,Black,4Q3/8/8/2K5/5r2/8/1k6/8 b - - 16 86,2,-279,broadtail;scratch26,f4f5;f4f5,f4f2;f4f2,f4f2;f4f2,279;279,0;0
caissa-x_vs_EnyoBot_0waEuGxc.log,34,67,Black,3r1r1k/3nqpp1/3p2Pp/p1pPpB1P/P1P1P3/2N1Pn2/K1Q2R2/7R b - - 1 34,2,-268,broadtail;scratch26,d8b8;f3d4,f3g5;f3g5,f3g5;f3g5,268;215,0;0
ArasanX_vs_EnyoBot_5Pms0ZXh.log,9,17,Black,r1bqkb1r/ppp3pp/2npp3/1P6/8/5N2/1PP2PPP/RNBQ1RK1 b kq - 0 9,2,-261,broadtail;scratch26,c6e5;f8e7,c6e7;c6e7,c6e7;c6e7,179;261,0;0
EnyoBot_vs_Lynx_BOT_jjThVRPN.log,19,36,White,r1b2r2/b1p2p2/p1pp1n2/4PkB1/3P3P/8/PP3PP1/RN2R1K1 w - - 0 19,2,-256,broadtail;scratch26,b1d2;b1c3,e5f6;e5f6,e5f6;e5f6,256;245,0;0
SF_Bot1nok_vs_EnyoBot_SbzD89kx.log,18,35,Black,r4rk1/1nq1bpp1/p2pb2p/3Pp3/6PP/1N2BP2/1PPQ4/R3KB1R b K - 0 18,2,-256,broadtail;scratch26,e6g4;e6d5,e6d7;e6d7,e6d7;e6d7,253;256,0;0
odonata-bot_vs_EnyoBot_u9u9wyRV_oot.log,13,25,Black,r2q1rk1/1bp2ppp/p2b4/1p1BR3/8/2P2Q2/PP1P1PPP/RNB3K1 b - - 0 13,2,-255,broadtail;scratch26,b7d5;d6e5,c7c6;c7c6,c7c6;c7c6,171;255,0;0
caissa-x_vs_EnyoBot_0waEuGxc.log,44,87,Black,1r2k3/q5p1/1n1p1pPp/pPpPpBnP/P3P3/1NQ1P3/1K6/R7 b - - 9 44,2,-246,broadtail;scratch26,g5e4;e8e7,b8a8;b8a8,b8a8;b8a8,246;159,0;0
CloudNetBot_vs_EnyoBot_KTS7zzI9.log,7,13,Black,r1bqk2r/ppp2ppp/2n2n2/2bpP3/3p4/2P2N2/PP2BPPP/RNBQK2R b KQkq - 1 7,2,-244,qmid3;scratch26,d4c3;e8g8,f6e4;f6e4,f6e4;f6e4,238;244,0;0
styx_reckless_vs_EnyoBot_z3PAJH4r.log,16,31,Black,r1b1r1k1/pp2qpb1/2p1n1pp/3pP3/3P1P2/3B4/PP1NN1PP/R2Q1RK1 b - - 2 16,2,-242,broadtail;scratch26,e6d4;e6d4,c6c5;c6c5,e7b4;e7b4,258;258,16;16
EnyoBot_vs_Lynx_BOT_jjThVRPN.log,17,32,White,r1b2r2/b1pq1p2/p1pp1nk1/6B1/3PP2P/3Q4/PP3PP1/RN2R1K1 w - - 1 17,2,-240,broadtail;scratch26,d3f3;g5f6,e4e5;e4e5,e4e5;e4e5,240;174,0;0
ArasanX_vs_EnyoBot_Q0a5I19l.log,18,35,Black,2rqr1k1/1p3pp1/1bppbn1p/p7/P2PP3/R1N1B2P/1PQN1PP1/4R1K1 b - - 5 18,2,-239,broadtail;scratch26,f6e4;e6h3,f6d7;f6d7,f6d7;f6d7,225;239,0;0
SF_Bot1nok_vs_EnyoBot_SbzD89kx.log,13,25,Black,r2qk2r/3nbpp1/p2pbn1p/N3p3/R3P1P1/2N1BP2/1PPQ3P/4KB1R b Kkq - 1 13,2,-235,broadtail;scratch26,f6g4;f6e4,d8c7;d8c7,d8c7;d8c7,215;235,0;0
styx_reckless_vs_EnyoBot_z3PAJH4r.log,23,45,Black,3rr1k1/pp2qpb1/6pp/3pP3/3NnP2/3B1R2/PP4PP/3RQ2K b - - 2 23,2,-235,broadtail;scratch26,g7e5;g7e5,f7f6;f7f6,f7f6;f7f6,235;235,0;0
EnyoBot_vs_DarkOnBot_pm9SUqFN.log,11,20,White,rn2k2r/pbp1qpp1/1p1p1n1p/4p3/P1PP3B/2PBPN2/5PPP/R2QK2R w KQkq - 0 11,3,-219,qmid3;broadtail;scratch26,a4a5;a4a5;e1g1,d3f5;d3f5;d3f5,d3c2;d3c2;d3c2,219;219;214,0;0;0
SF_Bot1nok_vs_EnyoBot_SbzD89kx.log,14,27,Black,r3k2r/2qnbpp1/p2pbn1p/N3p3/R3P1PP/2N1BP2/1PPQ4/4KB1R b Kkq - 0 14,2,-217,broadtail;scratch26,f6e4;f6e4,d7b6;d7b6,d7c5;d7c5,238;238,21;21
EnyoBot_vs_DarkOnBot_pm9SUqFN.log,12,22,White,rn2k2r/pbp2pp1/1p1p1q1p/4p3/P1PP4/2PBPN2/5PPP/R2QK2R w KQkq - 0 12,2,-209,broadtail;scratch26,a4a5;a4a5,d3c2;d3c2,d1b1;d1b1,209;209,0;0
ArasanX_vs_EnyoBot_Q0a5I19l.log,30,59,Black,4r1k1/3n2p1/1p2b2p/p2pP3/Pq1N4/1N2Q2P/1P4PK/5R2 b - - 1 30,2,-206,qmid3;scratch26,e6h3;e6h3,e6f7;e6f7,e6f7;e6f7,206;206,0;0
EnyoBot_vs_Lynx_BOT_jjThVRPN.log,16,30,White,r1bq1r2/b1p2p2/p1pp1nk1/6B1/3PP3/3Q4/PP3PPP/RN2R1K1 w - - 3 16,3,-206,qmid3;broadtail;scratch26,d3d2;e4e5;b1d2,h2h4;h2h4;h2h4,f2f4;f2f4;f2f4,245;226;220,39;39;39
EnyoBot_vs_Lynx_BOT_jjThVRPN.log,28,54,White,1r6/2pb1p1k/p2p1P2/2p1b1B1/5NPP/5P2/P5K1/4R3 w - - 0 28,3,-191,qmid3;broadtail;scratch26,g2g3;h4h5;g2h3,f4d3;f4d3;f4d3,f4d3;f4d3;f4d3,191;179;164,0;0;0
EnyoBot_vs_DarkOnBot_pm9SUqFN.log,36,70,White,4r1k1/2p3q1/1p1p2p1/pP1P1p1p/1nP1r2R/4P1PB/5P1P/1Q4RK w - - 1 36,2,-189,qmid3;broadtail,h3f5;h3f5,h4e4;h4e4,h4e4;h4e4,189;189,0;0
ArasanX_vs_EnyoBot_5Pms0ZXh.log,14,27,Black,r1bqkb1r/1pp3pp/p2p4/1P1p4/3Q4/8/1PP2PPP/R1B1R1K1 b kq - 1 14,2,-186,broadtail;scratch26,c8e6;c8e6,e8f7;e8f7,e8f7;e8f7,186;186,0;0
Hypersion_vs_EnyoBot_npmgxvIO.log,48,95,Black,8/1p1k4/4p3/3pP3/8/2PB2r1/1q1QK2R/8 b - - 6 48,2,-181,broadtail;scratch26,b2b3;b2d2,b2a1;b2a1,b2a1;b2a1,162;181,0;0
ArasanX_vs_EnyoBot_Q0a5I19l.log,54,107,Black,4q3/6k1/6p1/1p6/p3N2K/2Q5/6P1/8 b - - 3 54,2,-176,qmid3;scratch26,g7h6;g7h6,g7f8;g7f8,g7f8;g7f8,176;176,0;0
Hypersion_vs_EnyoBot_npmgxvIO.log,22,43,Black,r1bk2Q1/ppq5/2n1p3/3pP3/5P2/2P1n3/PP1N4/R3KB2 b Q - 6 22,2,-154,qmid3;scratch26,d8e7;d8e7,d8d7;d8d7,d8d7;d8d7,154;154,0;0
